##	sampleID	platform	readLenPE	refSample	refSpikeIn	propSpikeIn	chimericName	refDirA1	refDirA2	fastq1Path	fastq2Path	outPath	suffChrSample	suffChrSpikein	bamAlignAR1	bamAlignAR2	bamA1	bamA2	tabNChrom	nFastq	nAlignAR1	nAlignAR1Sample	nAlignAR1Spikein	pUMapAR1	pManyAR1	pMissAR1	pShortAR1	pOtherAR1	nAlignAR2	nAlignAR2Sample	nAlignAR2Spikein	pUMapAR2	pManyAR2	pMissAR2	pShortAR2	pOtherAR2	nA1	nA2	nNoA	nA1Sample	nA2Sample	nA1Spikein	nA2Spikein
1	LOVSON_M1W1_1A	Illumina	150	Mouse	Roundworm	0.73	129S1xCAST_N2xHawaii	/net/seq/data/projects/spikein/references/current_indices//insilico_chimera/129S1xCAST_N2xHawaii/A1/star2.7.9a_overhang_149	/net/seq/data/projects/spikein/references/current_indices//insilico_chimera/129S1xCAST_N2xHawaii/A2/star2.7.9a_overhang_149	/net/seq/data/projects/spikein/bulk_SpikeIn_project_summer2022/LOVSON/fastq/A1_1.fq.gz	/net/seq/data/projects/spikein/bulk_SpikeIn_project_summer2022/LOVSON/fastq/A1_2.fq.gz	/home/amendelevich/spikein/bulk_SpikeIn_project_winter2023/LOVSON/	m	w	/home/amendelevich/spikein/bulk_SpikeIn_project_winter2023/LOVSON//alignments/LOVSON_M1W1_1A//LOVSON_M1W1_1A.on_129S1xCAST_N2xHawaii.on_Allele1.Aligned.sortedByCoord.out.bam	/home/amendelevich/spikein/bulk_SpikeIn_project_winter2023/LOVSON//alignments/LOVSON_M1W1_1A//LOVSON_M1W1_1A.on_129S1xCAST_N2xHawaii.on_Allele2.Aligned.sortedByCoord.out.bam	/home/amendelevich/spikein/bulk_SpikeIn_project_winter2023/LOVSON//alignments/LOVSON_M1W1_1A//LOVSON_M1W1_1A_129S1xCAST_N2xHawaii.Allele1.bam	/home/amendelevich/spikein/bulk_SpikeIn_project_winter2023/LOVSON//alignments/LOVSON_M1W1_1A//LOVSON_M1W1_1A_129S1xCAST_N2xHawaii.Allele2.bam	/home/amendelevich/spikein/bulk_SpikeIn_project_winter2023/LOVSON//alignments/LOVSON_M1W1_1A//LOVSON_M1W1_1A_129S1xCAST_N2xHawaii.chr_counts.aligned_ref_alt.tsv	40507888	37462015	10280036	27181979	92.48%	3.03%	0.00%	4.47%	0.02%	37532326	10351418	27180908	92.65%	2.85%	0.00%	4.47%	0.02%	3333160	2882556	609832	1712371	1690630	1620789	1191926
2	LOVSON_M1W1_1B	Illumina	150	Mouse	Roundworm	0.73	129S1xCAST_N2xHawaii	/net/seq/data/projects/spikein/references/current_indices//insilico_chimera/129S1xCAST_N2xHawaii/A1/star2.7.9a_overhang_149	/net/seq/data/projects/spikein/references/current_indices//insilico_chimera/129S1xCAST_N2xHawaii/A2/star2.7.9a_overhang_149	/net/seq/data/projects/spikein/bulk_SpikeIn_project_summer2022/LOVSON/fastq/B1_1.fq.gz	/net/seq/data/projects/spikein/bulk_SpikeIn_project_summer2022/LOVSON/fastq/B1_2.fq.gz	/home/amendelevich/spikein/bulk_SpikeIn_project_winter2023/LOVSON/	m	w	/home/amendelevich/spikein/bulk_SpikeIn_project_winter2023/LOVSON//alignments/LOVSON_M1W1_1B//LOVSON_M1W1_1B.on_129S1xCAST_N2xHawaii.on_Allele1.Aligned.sortedByCoord.out.bam	/home/amendelevich/spikein/bulk_SpikeIn_project_winter2023/LOVSON//alignments/LOVSON_M1W1_1B//LOVSON_M1W1_1B.on_129S1xCAST_N2xHawaii.on_Allele2.Aligned.sortedByCoord.out.bam	/home/amendelevich/spikein/bulk_SpikeIn_project_winter2023/LOVSON//alignments/LOVSON_M1W1_1B//LOVSON_M1W1_1B_129S1xCAST_N2xHawaii.Allele1.bam	/home/amendelevich/spikein/bulk_SpikeIn_project_winter2023/LOVSON//alignments/LOVSON_M1W1_1B//LOVSON_M1W1_1B_129S1xCAST_N2xHawaii.Allele2.bam	/home/amendelevich/spikein/bulk_SpikeIn_project_winter2023/LOVSON//alignments/LOVSON_M1W1_1B//LOVSON_M1W1_1B_129S1xCAST_N2xHawaii.chr_counts.aligned_ref_alt.tsv	45175741	41697442	11038510	30658932	92.30%	3.18%	0.00%	4.50%	0.02%	41765197	11106707	30658490	92.45%	3.03%	0.00%	4.50%	0.02%	3539984	3121439	662163	1800008	1782666	1739976	1338773
3	LOVSON_M1W1_1C	Illumina	150	Mouse	Roundworm	0.73	129S1xCAST_N2xHawaii	/net/seq/data/projects/spikein/references/current_indices//insilico_chimera/129S1xCAST_N2xHawaii/A1/star2.7.9a_overhang_149	/net/seq/data/projects/spikein/references/current_indices//insilico_chimera/129S1xCAST_N2xHawaii/A2/star2.7.9a_overhang_149	/net/seq/data/projects/spikein/bulk_SpikeIn_project_summer2022/LOVSON/fastq/C1_1.fq.gz	/net/seq/data/projects/spikein/bulk_SpikeIn_project_summer2022/LOVSON/fastq/C1_2.fq.gz	/home/amendelevich/spikein/bulk_SpikeIn_project_winter2023/LOVSON/	m	w	/home/amendelevich/spikein/bulk_SpikeIn_project_winter2023/LOVSON//alignments/LOVSON_M1W1_1C//LOVSON_M1W1_1C.on_129S1xCAST_N2xHawaii.on_Allele1.Aligned.sortedByCoord.out.bam	/home/amendelevich/spikein/bulk_SpikeIn_project_winter2023/LOVSON//alignments/LOVSON_M1W1_1C//LOVSON_M1W1_1C.on_129S1xCAST_N2xHawaii.on_Allele2.Aligned.sortedByCoord.out.bam	/home/amendelevich/spikein/bulk_SpikeIn_project_winter2023/LOVSON//alignments/LOVSON_M1W1_1C//LOVSON_M1W1_1C_129S1xCAST_N2xHawaii.Allele1.bam	/home/amendelevich/spikein/bulk_SpikeIn_project_winter2023/LOVSON//alignments/LOVSON_M1W1_1C//LOVSON_M1W1_1C_129S1xCAST_N2xHawaii.Allele2.bam	/home/amendelevich/spikein/bulk_SpikeIn_project_winter2023/LOVSON//alignments/LOVSON_M1W1_1C//LOVSON_M1W1_1C_129S1xCAST_N2xHawaii.chr_counts.aligned_ref_alt.tsv	43063192	39606239	10423038	29183201	91.97%	3.18%	0.00%	4.82%	0.02%	39675207	10491468	29183739	92.13%	3.02%	0.00%	4.82%	0.02%	3304860	3011194	627786	1696745	1677368	1608115	1333826
4	LOVSON_H1M1_2A	Illumina	150	Human	Mouse	0.16	NA12878_129S1xCAST	/net/seq/data/projects/spikein/references/current_indices//insilico_chimera/NA12878_129S1xCAST/A1/star2.7.9a_overhang_149	/net/seq/data/projects/spikein/references/current_indices//insilico_chimera/NA12878_129S1xCAST/A2/star2.7.9a_overhang_149	/net/seq/data/projects/spikein/bulk_SpikeIn_project_summer2022/LOVSON/fastq/A2_1.fq.gz	/net/seq/data/projects/spikein/bulk_SpikeIn_project_summer2022/LOVSON/fastq/A2_2.fq.gz	/home/amendelevich/spikein/bulk_SpikeIn_project_winter2023/LOVSON/	h	m	/home/amendelevich/spikein/bulk_SpikeIn_project_winter2023/LOVSON//alignments/LOVSON_H1M1_2A//LOVSON_H1M1_2A.on_NA12878_129S1xCAST.on_Allele1.Aligned.sortedByCoord.out.bam	/home/amendelevich/spikein/bulk_SpikeIn_project_winter2023/LOVSON//alignments/LOVSON_H1M1_2A//LOVSON_H1M1_2A.on_NA12878_129S1xCAST.on_Allele2.Aligned.sortedByCoord.out.bam	/home/amendelevich/spikein/bulk_SpikeIn_project_winter2023/LOVSON//alignments/LOVSON_H1M1_2A//LOVSON_H1M1_2A_NA12878_129S1xCAST.Allele1.bam	/home/amendelevich/spikein/bulk_SpikeIn_project_winter2023/LOVSON//alignments/LOVSON_H1M1_2A//LOVSON_H1M1_2A_NA12878_129S1xCAST.Allele2.bam	/home/amendelevich/spikein/bulk_SpikeIn_project_winter2023/LOVSON//alignments/LOVSON_H1M1_2A//LOVSON_H1M1_2A_NA12878_129S1xCAST.chr_counts.aligned_ref_alt.tsv	52598099	47076434	39667233	7409201	89.50%	4.76%	0.00%	5.59%	0.16%	47054617	39588208	7466409	89.46%	4.83%	0.00%	5.54%	0.16%	2605830	2519577	384118	1340069	1267995	1265761	1251582
5	LOVSON_H1M1_2B	Illumina	150	Human	Mouse	0.16	NA12878_129S1xCAST	/net/seq/data/projects/spikein/references/current_indices//insilico_chimera/NA12878_129S1xCAST/A1/star2.7.9a_overhang_149	/net/seq/data/projects/spikein/references/current_indices//insilico_chimera/NA12878_129S1xCAST/A2/star2.7.9a_overhang_149	/net/seq/data/projects/spikein/bulk_SpikeIn_project_summer2022/LOVSON/fastq/B2_1.fq.gz	/net/seq/data/projects/spikein/bulk_SpikeIn_project_summer2022/LOVSON/fastq/B2_2.fq.gz	/home/amendelevich/spikein/bulk_SpikeIn_project_winter2023/LOVSON/	h	m	/home/amendelevich/spikein/bulk_SpikeIn_project_winter2023/LOVSON//alignments/LOVSON_H1M1_2B//LOVSON_H1M1_2B.on_NA12878_129S1xCAST.on_Allele1.Aligned.sortedByCoord.out.bam	/home/amendelevich/spikein/bulk_SpikeIn_project_winter2023/LOVSON//alignments/LOVSON_H1M1_2B//LOVSON_H1M1_2B.on_NA12878_129S1xCAST.on_Allele2.Aligned.sortedByCoord.out.bam	/home/amendelevich/spikein/bulk_SpikeIn_project_winter2023/LOVSON//alignments/LOVSON_H1M1_2B//LOVSON_H1M1_2B_NA12878_129S1xCAST.Allele1.bam	/home/amendelevich/spikein/bulk_SpikeIn_project_winter2023/LOVSON//alignments/LOVSON_H1M1_2B//LOVSON_H1M1_2B_NA12878_129S1xCAST.Allele2.bam	/home/amendelevich/spikein/bulk_SpikeIn_project_winter2023/LOVSON//alignments/LOVSON_H1M1_2B//LOVSON_H1M1_2B_NA12878_129S1xCAST.chr_counts.aligned_ref_alt.tsv	42952908	38481991	32412965	6069026	89.59%	4.84%	0.00%	5.42%	0.15%	38473752	32360776	6112976	89.57%	4.89%	0.00%	5.38%	0.16%	2130328	2063242	311432	1094857	1037251	1035471	1025991
6	LOVSON_H1M1_2C	Illumina	150	Human	Mouse	0.16	NA12878_129S1xCAST	/net/seq/data/projects/spikein/references/current_indices//insilico_chimera/NA12878_129S1xCAST/A1/star2.7.9a_overhang_149	/net/seq/data/projects/spikein/references/current_indices//insilico_chimera/NA12878_129S1xCAST/A2/star2.7.9a_overhang_149	/net/seq/data/projects/spikein/bulk_SpikeIn_project_summer2022/LOVSON/fastq/C2_1.fq.gz	/net/seq/data/projects/spikein/bulk_SpikeIn_project_summer2022/LOVSON/fastq/C2_2.fq.gz	/home/amendelevich/spikein/bulk_SpikeIn_project_winter2023/LOVSON/	h	m	/home/amendelevich/spikein/bulk_SpikeIn_project_winter2023/LOVSON//alignments/LOVSON_H1M1_2C//LOVSON_H1M1_2C.on_NA12878_129S1xCAST.on_Allele1.Aligned.sortedByCoord.out.bam	/home/amendelevich/spikein/bulk_SpikeIn_project_winter2023/LOVSON//alignments/LOVSON_H1M1_2C//LOVSON_H1M1_2C.on_NA12878_129S1xCAST.on_Allele2.Aligned.sortedByCoord.out.bam	/home/amendelevich/spikein/bulk_SpikeIn_project_winter2023/LOVSON//alignments/LOVSON_H1M1_2C//LOVSON_H1M1_2C_NA12878_129S1xCAST.Allele1.bam	/home/amendelevich/spikein/bulk_SpikeIn_project_winter2023/LOVSON//alignments/LOVSON_H1M1_2C//LOVSON_H1M1_2C_NA12878_129S1xCAST.Allele2.bam	/home/amendelevich/spikein/bulk_SpikeIn_project_winter2023/LOVSON//alignments/LOVSON_H1M1_2C//LOVSON_H1M1_2C_NA12878_129S1xCAST.chr_counts.aligned_ref_alt.tsv	54666752	48982710	41292362	7690348	89.60%	4.87%	0.00%	5.37%	0.15%	48965552	41217678	7747874	89.57%	4.94%	0.00%	5.32%	0.16%	2703598	2613089	400073	1394660	1317020	1308938	1296069
7	LOVSON_H1W1_3A	Illumina	150	Human	Roundworm	0.35	NA12878_N2xHawaii	/net/seq/data/projects/spikein/references/current_indices//insilico_chimera/NA12878_N2xHawaii/A1/star2.7.9a_overhang_149	/net/seq/data/projects/spikein/references/current_indices//insilico_chimera/NA12878_N2xHawaii/A2/star2.7.9a_overhang_149	/net/seq/data/projects/spikein/bulk_SpikeIn_project_summer2022/LOVSON/fastq/A3_1.fq.gz	/net/seq/data/projects/spikein/bulk_SpikeIn_project_summer2022/LOVSON/fastq/A3_2.fq.gz	/home/amendelevich/spikein/bulk_SpikeIn_project_winter2023/LOVSON/	h	w	/home/amendelevich/spikein/bulk_SpikeIn_project_winter2023/LOVSON//alignments/LOVSON_H1W1_3A//LOVSON_H1W1_3A.on_NA12878_N2xHawaii.on_Allele1.Aligned.sortedByCoord.out.bam	/home/amendelevich/spikein/bulk_SpikeIn_project_winter2023/LOVSON//alignments/LOVSON_H1W1_3A//LOVSON_H1W1_3A.on_NA12878_N2xHawaii.on_Allele2.Aligned.sortedByCoord.out.bam	/home/amendelevich/spikein/bulk_SpikeIn_project_winter2023/LOVSON//alignments/LOVSON_H1W1_3A//LOVSON_H1W1_3A_NA12878_N2xHawaii.Allele1.bam	/home/amendelevich/spikein/bulk_SpikeIn_project_winter2023/LOVSON//alignments/LOVSON_H1W1_3A//LOVSON_H1W1_3A_NA12878_N2xHawaii.Allele2.bam	/home/amendelevich/spikein/bulk_SpikeIn_project_winter2023/LOVSON//alignments/LOVSON_H1W1_3A//LOVSON_H1W1_3A_NA12878_N2xHawaii.chr_counts.aligned_ref_alt.tsv	60231245	55375084	36057328	19317756	91.94%	3.38%	0.00%	4.48%	0.20%	55309092	35992084	19317008	91.83%	3.53%	0.00%	4.45%	0.19%	2342046	1950560	281126	1184189	1116964	1157857	833596
8	LOVSON_H1W1_3B	Illumina	150	Human	Roundworm	0.35	NA12878_N2xHawaii	/net/seq/data/projects/spikein/references/current_indices//insilico_chimera/NA12878_N2xHawaii/A1/star2.7.9a_overhang_149	/net/seq/data/projects/spikein/references/current_indices//insilico_chimera/NA12878_N2xHawaii/A2/star2.7.9a_overhang_149	/net/seq/data/projects/spikein/bulk_SpikeIn_project_summer2022/LOVSON/fastq/B3_1.fq.gz	/net/seq/data/projects/spikein/bulk_SpikeIn_project_summer2022/LOVSON/fastq/B3_2.fq.gz	/home/amendelevich/spikein/bulk_SpikeIn_project_winter2023/LOVSON/	h	w	/home/amendelevich/spikein/bulk_SpikeIn_project_winter2023/LOVSON//alignments/LOVSON_H1W1_3B//LOVSON_H1W1_3B.on_NA12878_N2xHawaii.on_Allele1.Aligned.sortedByCoord.out.bam	/home/amendelevich/spikein/bulk_SpikeIn_project_winter2023/LOVSON//alignments/LOVSON_H1W1_3B//LOVSON_H1W1_3B.on_NA12878_N2xHawaii.on_Allele2.Aligned.sortedByCoord.out.bam	/home/amendelevich/spikein/bulk_SpikeIn_project_winter2023/LOVSON//alignments/LOVSON_H1W1_3B//LOVSON_H1W1_3B_NA12878_N2xHawaii.Allele1.bam	/home/amendelevich/spikein/bulk_SpikeIn_project_winter2023/LOVSON//alignments/LOVSON_H1W1_3B//LOVSON_H1W1_3B_NA12878_N2xHawaii.Allele2.bam	/home/amendelevich/spikein/bulk_SpikeIn_project_winter2023/LOVSON//alignments/LOVSON_H1W1_3B//LOVSON_H1W1_3B_NA12878_N2xHawaii.chr_counts.aligned_ref_alt.tsv	47409953	43328373	28270508	15057865	91.39%	4.05%	0.00%	4.36%	0.20%	43276494	28218843	15057651	91.28%	4.19%	0.00%	4.34%	0.19%	1785503	1532029	222027	922196	871675	863307	660354
9	LOVSON_H1W1_3C	Illumina	150	Human	Roundworm	0.35	NA12878_N2xHawaii	/net/seq/data/projects/spikein/references/current_indices//insilico_chimera/NA12878_N2xHawaii/A1/star2.7.9a_overhang_149	/net/seq/data/projects/spikein/references/current_indices//insilico_chimera/NA12878_N2xHawaii/A2/star2.7.9a_overhang_149	/net/seq/data/projects/spikein/bulk_SpikeIn_project_summer2022/LOVSON/fastq/C3_1.fq.gz	/net/seq/data/projects/spikein/bulk_SpikeIn_project_summer2022/LOVSON/fastq/C3_2.fq.gz	/home/amendelevich/spikein/bulk_SpikeIn_project_winter2023/LOVSON/	h	w	/home/amendelevich/spikein/bulk_SpikeIn_project_winter2023/LOVSON//alignments/LOVSON_H1W1_3C//LOVSON_H1W1_3C.on_NA12878_N2xHawaii.on_Allele1.Aligned.sortedByCoord.out.bam	/home/amendelevich/spikein/bulk_SpikeIn_project_winter2023/LOVSON//alignments/LOVSON_H1W1_3C//LOVSON_H1W1_3C.on_NA12878_N2xHawaii.on_Allele2.Aligned.sortedByCoord.out.bam	/home/amendelevich/spikein/bulk_SpikeIn_project_winter2023/LOVSON//alignments/LOVSON_H1W1_3C//LOVSON_H1W1_3C_NA12878_N2xHawaii.Allele1.bam	/home/amendelevich/spikein/bulk_SpikeIn_project_winter2023/LOVSON//alignments/LOVSON_H1W1_3C//LOVSON_H1W1_3C_NA12878_N2xHawaii.Allele2.bam	/home/amendelevich/spikein/bulk_SpikeIn_project_winter2023/LOVSON//alignments/LOVSON_H1W1_3C//LOVSON_H1W1_3C_NA12878_N2xHawaii.chr_counts.aligned_ref_alt.tsv	41661568	38074506	24976291	13098215	91.39%	4.02%	0.00%	4.38%	0.21%	38033286	24935048	13098238	91.29%	4.15%	0.00%	4.35%	0.20%	1596724	1366506	194094	826192	783279	770532	583227
10	LOVSON_H1M1_4A	Illumina	150	Human	Mouse	0.06	NA12878_129S1xCAST	/net/seq/data/projects/spikein/references/current_indices//insilico_chimera/NA12878_129S1xCAST/A1/star2.7.9a_overhang_149	/net/seq/data/projects/spikein/references/current_indices//insilico_chimera/NA12878_129S1xCAST/A2/star2.7.9a_overhang_149	/net/seq/data/projects/spikein/bulk_SpikeIn_project_summer2022/LOVSON/fastq/A4_1.fq.gz	/net/seq/data/projects/spikein/bulk_SpikeIn_project_summer2022/LOVSON/fastq/A4_2.fq.gz	/home/amendelevich/spikein/bulk_SpikeIn_project_winter2023/LOVSON/	h	m	/home/amendelevich/spikein/bulk_SpikeIn_project_winter2023/LOVSON//alignments/LOVSON_H1M1_4A//LOVSON_H1M1_4A.on_NA12878_129S1xCAST.on_Allele1.Aligned.sortedByCoord.out.bam	/home/amendelevich/spikein/bulk_SpikeIn_project_winter2023/LOVSON//alignments/LOVSON_H1M1_4A//LOVSON_H1M1_4A.on_NA12878_129S1xCAST.on_Allele2.Aligned.sortedByCoord.out.bam	/home/amendelevich/spikein/bulk_SpikeIn_project_winter2023/LOVSON//alignments/LOVSON_H1M1_4A//LOVSON_H1M1_4A_NA12878_129S1xCAST.Allele1.bam	/home/amendelevich/spikein/bulk_SpikeIn_project_winter2023/LOVSON//alignments/LOVSON_H1M1_4A//LOVSON_H1M1_4A_NA12878_129S1xCAST.Allele2.bam	/home/amendelevich/spikein/bulk_SpikeIn_project_winter2023/LOVSON//alignments/LOVSON_H1M1_4A//LOVSON_H1M1_4A_NA12878_129S1xCAST.chr_counts.aligned_ref_alt.tsv	60274085	54286826	50818733	3468093	90.07%	4.50%	0.00%	5.27%	0.16%	54214526	50720597	3493929	89.95%	4.66%	0.00%	5.22%	0.17%	2283845	2185866	269945	1698131	1606418	585714	579448
11	LOVSON_H1M1_4B	Illumina	150	Human	Mouse	0.06	NA12878_129S1xCAST	/net/seq/data/projects/spikein/references/current_indices//insilico_chimera/NA12878_129S1xCAST/A1/star2.7.9a_overhang_149	/net/seq/data/projects/spikein/references/current_indices//insilico_chimera/NA12878_129S1xCAST/A2/star2.7.9a_overhang_149	/net/seq/data/projects/spikein/bulk_SpikeIn_project_summer2022/LOVSON/fastq/B4_1.fq.gz	/net/seq/data/projects/spikein/bulk_SpikeIn_project_summer2022/LOVSON/fastq/B4_2.fq.gz	/home/amendelevich/spikein/bulk_SpikeIn_project_winter2023/LOVSON/	h	m	/home/amendelevich/spikein/bulk_SpikeIn_project_winter2023/LOVSON//alignments/LOVSON_H1M1_4B//LOVSON_H1M1_4B.on_NA12878_129S1xCAST.on_Allele1.Aligned.sortedByCoord.out.bam	/home/amendelevich/spikein/bulk_SpikeIn_project_winter2023/LOVSON//alignments/LOVSON_H1M1_4B//LOVSON_H1M1_4B.on_NA12878_129S1xCAST.on_Allele2.Aligned.sortedByCoord.out.bam	/home/amendelevich/spikein/bulk_SpikeIn_project_winter2023/LOVSON//alignments/LOVSON_H1M1_4B//LOVSON_H1M1_4B_NA12878_129S1xCAST.Allele1.bam	/home/amendelevich/spikein/bulk_SpikeIn_project_winter2023/LOVSON//alignments/LOVSON_H1M1_4B//LOVSON_H1M1_4B_NA12878_129S1xCAST.Allele2.bam	/home/amendelevich/spikein/bulk_SpikeIn_project_winter2023/LOVSON//alignments/LOVSON_H1M1_4B//LOVSON_H1M1_4B_NA12878_129S1xCAST.chr_counts.aligned_ref_alt.tsv	53904080	47481808	44641354	2840454	88.09%	6.02%	0.00%	5.71%	0.18%	47419058	44559355	2859703	87.97%	6.19%	0.00%	5.65%	0.19%	1958604	1873539	232990	1483862	1405315	474742	468224
12	LOVSON_H1M1_4C	Illumina	150	Human	Mouse	0.06	NA12878_129S1xCAST	/net/seq/data/projects/spikein/references/current_indices//insilico_chimera/NA12878_129S1xCAST/A1/star2.7.9a_overhang_149	/net/seq/data/projects/spikein/references/current_indices//insilico_chimera/NA12878_129S1xCAST/A2/star2.7.9a_overhang_149	/net/seq/data/projects/spikein/bulk_SpikeIn_project_summer2022/LOVSON/fastq/C4_1.fq.gz	/net/seq/data/projects/spikein/bulk_SpikeIn_project_summer2022/LOVSON/fastq/C4_2.fq.gz	/home/amendelevich/spikein/bulk_SpikeIn_project_winter2023/LOVSON/	h	m	/home/amendelevich/spikein/bulk_SpikeIn_project_winter2023/LOVSON//alignments/LOVSON_H1M1_4C//LOVSON_H1M1_4C.on_NA12878_129S1xCAST.on_Allele1.Aligned.sortedByCoord.out.bam	/home/amendelevich/spikein/bulk_SpikeIn_project_winter2023/LOVSON//alignments/LOVSON_H1M1_4C//LOVSON_H1M1_4C.on_NA12878_129S1xCAST.on_Allele2.Aligned.sortedByCoord.out.bam	/home/amendelevich/spikein/bulk_SpikeIn_project_winter2023/LOVSON//alignments/LOVSON_H1M1_4C//LOVSON_H1M1_4C_NA12878_129S1xCAST.Allele1.bam	/home/amendelevich/spikein/bulk_SpikeIn_project_winter2023/LOVSON//alignments/LOVSON_H1M1_4C//LOVSON_H1M1_4C_NA12878_129S1xCAST.Allele2.bam	/home/amendelevich/spikein/bulk_SpikeIn_project_winter2023/LOVSON//alignments/LOVSON_H1M1_4C//LOVSON_H1M1_4C_NA12878_129S1xCAST.chr_counts.aligned_ref_alt.tsv	45369576	40771983	38342291	2429692	89.87%	4.61%	0.00%	5.35%	0.17%	40724702	38276526	2448176	89.76%	4.77%	0.00%	5.29%	0.18%	1705046	1630504	199391	1291726	1220807	413320	409697
13	LOVSON_H1W1_5A	Illumina	150	Human	Roundworm	0.15	NA12878_N2xHawaii	/net/seq/data/projects/spikein/references/current_indices//insilico_chimera/NA12878_N2xHawaii/A1/star2.7.9a_overhang_149	/net/seq/data/projects/spikein/references/current_indices//insilico_chimera/NA12878_N2xHawaii/A2/star2.7.9a_overhang_149	/net/seq/data/projects/spikein/bulk_SpikeIn_project_summer2022/LOVSON/fastq/A5_1.fq.gz	/net/seq/data/projects/spikein/bulk_SpikeIn_project_summer2022/LOVSON/fastq/A5_2.fq.gz	/home/amendelevich/spikein/bulk_SpikeIn_project_winter2023/LOVSON/	h	w	/home/amendelevich/spikein/bulk_SpikeIn_project_winter2023/LOVSON//alignments/LOVSON_H1W1_5A//LOVSON_H1W1_5A.on_NA12878_N2xHawaii.on_Allele1.Aligned.sortedByCoord.out.bam	/home/amendelevich/spikein/bulk_SpikeIn_project_winter2023/LOVSON//alignments/LOVSON_H1W1_5A//LOVSON_H1W1_5A.on_NA12878_N2xHawaii.on_Allele2.Aligned.sortedByCoord.out.bam	/home/amendelevich/spikein/bulk_SpikeIn_project_winter2023/LOVSON//alignments/LOVSON_H1W1_5A//LOVSON_H1W1_5A_NA12878_N2xHawaii.Allele1.bam	/home/amendelevich/spikein/bulk_SpikeIn_project_winter2023/LOVSON//alignments/LOVSON_H1W1_5A//LOVSON_H1W1_5A_NA12878_N2xHawaii.Allele2.bam	/home/amendelevich/spikein/bulk_SpikeIn_project_winter2023/LOVSON//alignments/LOVSON_H1W1_5A//LOVSON_H1W1_5A_NA12878_N2xHawaii.chr_counts.aligned_ref_alt.tsv	53273601	48224130	40675951	7548179	90.52%	4.34%	0.00%	4.87%	0.27%	48151220	40603484	7547736	90.38%	4.52%	0.00%	4.84%	0.26%	1804406	1605517	185266	1346839	1276075	457567	329442
14	LOVSON_H1W1_5B	Illumina	150	Human	Roundworm	0.15	NA12878_N2xHawaii	/net/seq/data/projects/spikein/references/current_indices//insilico_chimera/NA12878_N2xHawaii/A1/star2.7.9a_overhang_149	/net/seq/data/projects/spikein/references/current_indices//insilico_chimera/NA12878_N2xHawaii/A2/star2.7.9a_overhang_149	/net/seq/data/projects/spikein/bulk_SpikeIn_project_summer2022/LOVSON/fastq/B5_1.fq.gz	/net/seq/data/projects/spikein/bulk_SpikeIn_project_summer2022/LOVSON/fastq/B5_2.fq.gz	/home/amendelevich/spikein/bulk_SpikeIn_project_winter2023/LOVSON/	h	w	/home/amendelevich/spikein/bulk_SpikeIn_project_winter2023/LOVSON//alignments/LOVSON_H1W1_5B//LOVSON_H1W1_5B.on_NA12878_N2xHawaii.on_Allele1.Aligned.sortedByCoord.out.bam	/home/amendelevich/spikein/bulk_SpikeIn_project_winter2023/LOVSON//alignments/LOVSON_H1W1_5B//LOVSON_H1W1_5B.on_NA12878_N2xHawaii.on_Allele2.Aligned.sortedByCoord.out.bam	/home/amendelevich/spikein/bulk_SpikeIn_project_winter2023/LOVSON//alignments/LOVSON_H1W1_5B//LOVSON_H1W1_5B_NA12878_N2xHawaii.Allele1.bam	/home/amendelevich/spikein/bulk_SpikeIn_project_winter2023/LOVSON//alignments/LOVSON_H1W1_5B//LOVSON_H1W1_5B_NA12878_N2xHawaii.Allele2.bam	/home/amendelevich/spikein/bulk_SpikeIn_project_winter2023/LOVSON//alignments/LOVSON_H1W1_5B//LOVSON_H1W1_5B_NA12878_N2xHawaii.chr_counts.aligned_ref_alt.tsv	50581534	46087562	39012641	7074921	91.12%	3.94%	0.00%	4.69%	0.26%	46021245	38946601	7074644	90.98%	4.11%	0.00%	4.66%	0.25%	1745282	1558942	176036	1316234	1244615	429048	314327
15	LOVSON_H1W1_5C	Illumina	150	Human	Roundworm	0.15	NA12878_N2xHawaii	/net/seq/data/projects/spikein/references/current_indices//insilico_chimera/NA12878_N2xHawaii/A1/star2.7.9a_overhang_149	/net/seq/data/projects/spikein/references/current_indices//insilico_chimera/NA12878_N2xHawaii/A2/star2.7.9a_overhang_149	/net/seq/data/projects/spikein/bulk_SpikeIn_project_summer2022/LOVSON/fastq/C5_1.fq.gz	/net/seq/data/projects/spikein/bulk_SpikeIn_project_summer2022/LOVSON/fastq/C5_2.fq.gz	/home/amendelevich/spikein/bulk_SpikeIn_project_winter2023/LOVSON/	h	w	/home/amendelevich/spikein/bulk_SpikeIn_project_winter2023/LOVSON//alignments/LOVSON_H1W1_5C//LOVSON_H1W1_5C.on_NA12878_N2xHawaii.on_Allele1.Aligned.sortedByCoord.out.bam	/home/amendelevich/spikein/bulk_SpikeIn_project_winter2023/LOVSON//alignments/LOVSON_H1W1_5C//LOVSON_H1W1_5C.on_NA12878_N2xHawaii.on_Allele2.Aligned.sortedByCoord.out.bam	/home/amendelevich/spikein/bulk_SpikeIn_project_winter2023/LOVSON//alignments/LOVSON_H1W1_5C//LOVSON_H1W1_5C_NA12878_N2xHawaii.Allele1.bam	/home/amendelevich/spikein/bulk_SpikeIn_project_winter2023/LOVSON//alignments/LOVSON_H1W1_5C//LOVSON_H1W1_5C_NA12878_N2xHawaii.Allele2.bam	/home/amendelevich/spikein/bulk_SpikeIn_project_winter2023/LOVSON//alignments/LOVSON_H1W1_5C//LOVSON_H1W1_5C_NA12878_N2xHawaii.chr_counts.aligned_ref_alt.tsv	48536229	43619692	37069325	6550367	89.87%	4.39%	0.00%	5.41%	0.33%	43563162	37013320	6549842	89.75%	4.56%	0.00%	5.37%	0.32%	1642302	1471915	163410	1236872	1173990	405430	297925
16	LOVSON_M1W1_6A	Illumina	150	Mouse	Roundworm	0.5	129S1xCAST_N2xHawaii	/net/seq/data/projects/spikein/references/current_indices//insilico_chimera/129S1xCAST_N2xHawaii/A1/star2.7.9a_overhang_149	/net/seq/data/projects/spikein/references/current_indices//insilico_chimera/129S1xCAST_N2xHawaii/A2/star2.7.9a_overhang_149	/net/seq/data/projects/spikein/bulk_SpikeIn_project_summer2022/LOVSON/fastq/A6_1.fq.gz	/net/seq/data/projects/spikein/bulk_SpikeIn_project_summer2022/LOVSON/fastq/A6_2.fq.gz	/home/amendelevich/spikein/bulk_SpikeIn_project_winter2023/LOVSON/	m	w	/home/amendelevich/spikein/bulk_SpikeIn_project_winter2023/LOVSON//alignments/LOVSON_M1W1_6A//LOVSON_M1W1_6A.on_129S1xCAST_N2xHawaii.on_Allele1.Aligned.sortedByCoord.out.bam	/home/amendelevich/spikein/bulk_SpikeIn_project_winter2023/LOVSON//alignments/LOVSON_M1W1_6A//LOVSON_M1W1_6A.on_129S1xCAST_N2xHawaii.on_Allele2.Aligned.sortedByCoord.out.bam	/home/amendelevich/spikein/bulk_SpikeIn_project_winter2023/LOVSON//alignments/LOVSON_M1W1_6A//LOVSON_M1W1_6A_129S1xCAST_N2xHawaii.Allele1.bam	/home/amendelevich/spikein/bulk_SpikeIn_project_winter2023/LOVSON//alignments/LOVSON_M1W1_6A//LOVSON_M1W1_6A_129S1xCAST_N2xHawaii.Allele2.bam	/home/amendelevich/spikein/bulk_SpikeIn_project_winter2023/LOVSON//alignments/LOVSON_M1W1_6A//LOVSON_M1W1_6A_129S1xCAST_N2xHawaii.chr_counts.aligned_ref_alt.tsv	46391774	41973231	21815311	20157920	90.48%	4.01%	0.00%	5.48%	0.03%	42113031	21956208	20156823	90.78%	3.68%	0.00%	5.51%	0.03%	4827340	4456668	938198	3616846	3580242	1210494	876426
17	LOVSON_M1W1_6B	Illumina	150	Mouse	Roundworm	0.5	129S1xCAST_N2xHawaii	/net/seq/data/projects/spikein/references/current_indices//insilico_chimera/129S1xCAST_N2xHawaii/A1/star2.7.9a_overhang_149	/net/seq/data/projects/spikein/references/current_indices//insilico_chimera/129S1xCAST_N2xHawaii/A2/star2.7.9a_overhang_149	/net/seq/data/projects/spikein/bulk_SpikeIn_project_summer2022/LOVSON/fastq/B6_1.fq.gz	/net/seq/data/projects/spikein/bulk_SpikeIn_project_summer2022/LOVSON/fastq/B6_2.fq.gz	/home/amendelevich/spikein/bulk_SpikeIn_project_winter2023/LOVSON/	m	w	/home/amendelevich/spikein/bulk_SpikeIn_project_winter2023/LOVSON//alignments/LOVSON_M1W1_6B//LOVSON_M1W1_6B.on_129S1xCAST_N2xHawaii.on_Allele1.Aligned.sortedByCoord.out.bam	/home/amendelevich/spikein/bulk_SpikeIn_project_winter2023/LOVSON//alignments/LOVSON_M1W1_6B//LOVSON_M1W1_6B.on_129S1xCAST_N2xHawaii.on_Allele2.Aligned.sortedByCoord.out.bam	/home/amendelevich/spikein/bulk_SpikeIn_project_winter2023/LOVSON//alignments/LOVSON_M1W1_6B//LOVSON_M1W1_6B_129S1xCAST_N2xHawaii.Allele1.bam	/home/amendelevich/spikein/bulk_SpikeIn_project_winter2023/LOVSON//alignments/LOVSON_M1W1_6B//LOVSON_M1W1_6B_129S1xCAST_N2xHawaii.Allele2.bam	/home/amendelevich/spikein/bulk_SpikeIn_project_winter2023/LOVSON//alignments/LOVSON_M1W1_6B//LOVSON_M1W1_6B_129S1xCAST_N2xHawaii.chr_counts.aligned_ref_alt.tsv	47806140	43354646	21765304	21589342	90.69%	4.03%	0.00%	5.25%	0.03%	43487149	21898318	21588831	90.97%	3.73%	0.00%	5.28%	0.03%	4883683	4592387	953526	3637901	3600206	1245782	992181
18	LOVSON_M1W1_6C	Illumina	150	Mouse	Roundworm	0.5	129S1xCAST_N2xHawaii	/net/seq/data/projects/spikein/references/current_indices//insilico_chimera/129S1xCAST_N2xHawaii/A1/star2.7.9a_overhang_149	/net/seq/data/projects/spikein/references/current_indices//insilico_chimera/129S1xCAST_N2xHawaii/A2/star2.7.9a_overhang_149	/net/seq/data/projects/spikein/bulk_SpikeIn_project_summer2022/LOVSON/fastq/C6_1.fq.gz	/net/seq/data/projects/spikein/bulk_SpikeIn_project_summer2022/LOVSON/fastq/C6_2.fq.gz	/home/amendelevich/spikein/bulk_SpikeIn_project_winter2023/LOVSON/	m	w	/home/amendelevich/spikein/bulk_SpikeIn_project_winter2023/LOVSON//alignments/LOVSON_M1W1_6C//LOVSON_M1W1_6C.on_129S1xCAST_N2xHawaii.on_Allele1.Aligned.sortedByCoord.out.bam	/home/amendelevich/spikein/bulk_SpikeIn_project_winter2023/LOVSON//alignments/LOVSON_M1W1_6C//LOVSON_M1W1_6C.on_129S1xCAST_N2xHawaii.on_Allele2.Aligned.sortedByCoord.out.bam	/home/amendelevich/spikein/bulk_SpikeIn_project_winter2023/LOVSON//alignments/LOVSON_M1W1_6C//LOVSON_M1W1_6C_129S1xCAST_N2xHawaii.Allele1.bam	/home/amendelevich/spikein/bulk_SpikeIn_project_winter2023/LOVSON//alignments/LOVSON_M1W1_6C//LOVSON_M1W1_6C_129S1xCAST_N2xHawaii.Allele2.bam	/home/amendelevich/spikein/bulk_SpikeIn_project_winter2023/LOVSON//alignments/LOVSON_M1W1_6C//LOVSON_M1W1_6C_129S1xCAST_N2xHawaii.chr_counts.aligned_ref_alt.tsv	40675803	36789501	18961896	17827605	90.45%	4.14%	0.00%	5.38%	0.03%	36891657	19065289	17826368	90.70%	3.86%	0.00%	5.41%	0.03%	4240869	4011475	814865	3201534	3166805	1039335	844670
19	LOVSON_M1_7A	Illumina	150	Mouse	NA	0	129S1xCAST	/home/amendelevich/spikein/references/current_indices/mouse/129S1_CAST_chrM/129S1_CAST_chrM_A1/star2.7.9a_overhang149	/home/amendelevich/spikein/references/current_indices/mouse/129S1_CAST_chrM/129S1_CAST_chrM_A2/star2.7.9a_overhang149	/net/seq/data/projects/spikein/bulk_SpikeIn_project_summer2022/LOVSON/fastq/A7_1.fq.gz	/net/seq/data/projects/spikein/bulk_SpikeIn_project_summer2022/LOVSON/fastq/A7_2.fq.gz	/home/amendelevich/spikein/bulk_SpikeIn_project_winter2023/LOVSON/	m	NA	/home/amendelevich/spikein/bulk_SpikeIn_project_winter2023/LOVSON//alignments/LOVSON_M1_7A//LOVSON_M1_7A.on_129S1xCAST.on_Allele1.Aligned.sortedByCoord.out.bam	/home/amendelevich/spikein/bulk_SpikeIn_project_winter2023/LOVSON//alignments/LOVSON_M1_7A//LOVSON_M1_7A.on_129S1xCAST.on_Allele2.Aligned.sortedByCoord.out.bam	/home/amendelevich/spikein/bulk_SpikeIn_project_winter2023/LOVSON//alignments/LOVSON_M1_7A//LOVSON_M1_7A_129S1xCAST.Allele1.bam	/home/amendelevich/spikein/bulk_SpikeIn_project_winter2023/LOVSON//alignments/LOVSON_M1_7A//LOVSON_M1_7A_129S1xCAST.Allele2.bam	/home/amendelevich/spikein/bulk_SpikeIn_project_winter2023/LOVSON//alignments/LOVSON_M1_7A//LOVSON_M1_7A_129S1xCAST.chr_counts.aligned_ref_alt.tsv	53520893	46547338	46547338	0	86.97%	5.51%	0.00%	7.47%	0.05%	46839216	46839216	0	87.52%	4.90%	0.00%	7.54%	0.05%	7750305	7676191	1639711	7750305	7676191	0	0
20	LOVSON_M1_7B	Illumina	150	Mouse	NA	0	129S1xCAST	/home/amendelevich/spikein/references/current_indices/mouse/129S1_CAST_chrM/129S1_CAST_chrM_A1/star2.7.9a_overhang149	/home/amendelevich/spikein/references/current_indices/mouse/129S1_CAST_chrM/129S1_CAST_chrM_A2/star2.7.9a_overhang149	/net/seq/data/projects/spikein/bulk_SpikeIn_project_summer2022/LOVSON/fastq/B7_1.fq.gz	/net/seq/data/projects/spikein/bulk_SpikeIn_project_summer2022/LOVSON/fastq/B7_2.fq.gz	/home/amendelevich/spikein/bulk_SpikeIn_project_winter2023/LOVSON/	m	NA	/home/amendelevich/spikein/bulk_SpikeIn_project_winter2023/LOVSON//alignments/LOVSON_M1_7B//LOVSON_M1_7B.on_129S1xCAST.on_Allele1.Aligned.sortedByCoord.out.bam	/home/amendelevich/spikein/bulk_SpikeIn_project_winter2023/LOVSON//alignments/LOVSON_M1_7B//LOVSON_M1_7B.on_129S1xCAST.on_Allele2.Aligned.sortedByCoord.out.bam	/home/amendelevich/spikein/bulk_SpikeIn_project_winter2023/LOVSON//alignments/LOVSON_M1_7B//LOVSON_M1_7B_129S1xCAST.Allele1.bam	/home/amendelevich/spikein/bulk_SpikeIn_project_winter2023/LOVSON//alignments/LOVSON_M1_7B//LOVSON_M1_7B_129S1xCAST.Allele2.bam	/home/amendelevich/spikein/bulk_SpikeIn_project_winter2023/LOVSON//alignments/LOVSON_M1_7B//LOVSON_M1_7B_129S1xCAST.chr_counts.aligned_ref_alt.tsv	41671247	36297900	36297900	0	87.11%	5.54%	0.00%	7.32%	0.04%	36514325	36514325	0	87.62%	4.94%	0.00%	7.39%	0.04%	6001974	5941251	1290717	6001974	5941251	0	0
21	LOVSON_M1_7C	Illumina	150	Mouse	NA	0	129S1xCAST	/home/amendelevich/spikein/references/current_indices/mouse/129S1_CAST_chrM/129S1_CAST_chrM_A1/star2.7.9a_overhang149	/home/amendelevich/spikein/references/current_indices/mouse/129S1_CAST_chrM/129S1_CAST_chrM_A2/star2.7.9a_overhang149	/net/seq/data/projects/spikein/bulk_SpikeIn_project_summer2022/LOVSON/fastq/C7_1.fq.gz	/net/seq/data/projects/spikein/bulk_SpikeIn_project_summer2022/LOVSON/fastq/C7_2.fq.gz	/home/amendelevich/spikein/bulk_SpikeIn_project_winter2023/LOVSON/	m	NA	/home/amendelevich/spikein/bulk_SpikeIn_project_winter2023/LOVSON//alignments/LOVSON_M1_7C//LOVSON_M1_7C.on_129S1xCAST.on_Allele1.Aligned.sortedByCoord.out.bam	/home/amendelevich/spikein/bulk_SpikeIn_project_winter2023/LOVSON//alignments/LOVSON_M1_7C//LOVSON_M1_7C.on_129S1xCAST.on_Allele2.Aligned.sortedByCoord.out.bam	/home/amendelevich/spikein/bulk_SpikeIn_project_winter2023/LOVSON//alignments/LOVSON_M1_7C//LOVSON_M1_7C_129S1xCAST.Allele1.bam	/home/amendelevich/spikein/bulk_SpikeIn_project_winter2023/LOVSON//alignments/LOVSON_M1_7C//LOVSON_M1_7C_129S1xCAST.Allele2.bam	/home/amendelevich/spikein/bulk_SpikeIn_project_winter2023/LOVSON//alignments/LOVSON_M1_7C//LOVSON_M1_7C_129S1xCAST.chr_counts.aligned_ref_alt.tsv	42662528	37182965	37182965	0	87.16%	5.50%	0.00%	7.31%	0.04%	37407228	37407228	0	87.68%	4.90%	0.00%	7.38%	0.04%	6301810	6235221	1316979	6301810	6235221	0	0
22	LOVSON_M2_8A	Illumina	150	Mouse	NA	0	129S1xCAST	/home/amendelevich/spikein/references/current_indices/mouse/129S1_CAST_chrM/129S1_CAST_chrM_A1/star2.7.9a_overhang149	/home/amendelevich/spikein/references/current_indices/mouse/129S1_CAST_chrM/129S1_CAST_chrM_A2/star2.7.9a_overhang149	/net/seq/data/projects/spikein/bulk_SpikeIn_project_summer2022/LOVSON/fastq/A8_1.fq.gz	/net/seq/data/projects/spikein/bulk_SpikeIn_project_summer2022/LOVSON/fastq/A8_2.fq.gz	/home/amendelevich/spikein/bulk_SpikeIn_project_winter2023/LOVSON/	m	NA	/home/amendelevich/spikein/bulk_SpikeIn_project_winter2023/LOVSON//alignments/LOVSON_M2_8A//LOVSON_M2_8A.on_129S1xCAST.on_Allele1.Aligned.sortedByCoord.out.bam	/home/amendelevich/spikein/bulk_SpikeIn_project_winter2023/LOVSON//alignments/LOVSON_M2_8A//LOVSON_M2_8A.on_129S1xCAST.on_Allele2.Aligned.sortedByCoord.out.bam	/home/amendelevich/spikein/bulk_SpikeIn_project_winter2023/LOVSON//alignments/LOVSON_M2_8A//LOVSON_M2_8A_129S1xCAST.Allele1.bam	/home/amendelevich/spikein/bulk_SpikeIn_project_winter2023/LOVSON//alignments/LOVSON_M2_8A//LOVSON_M2_8A_129S1xCAST.Allele2.bam	/home/amendelevich/spikein/bulk_SpikeIn_project_winter2023/LOVSON//alignments/LOVSON_M2_8A//LOVSON_M2_8A_129S1xCAST.chr_counts.aligned_ref_alt.tsv	41216783	35870377	35870377	0	87.03%	5.70%	0.00%	7.23%	0.04%	36173966	36173966	0	87.77%	4.89%	0.00%	7.30%	0.04%	6134065	6091198	1288053	6134065	6091198	0	0
23	LOVSON_M2_8B	Illumina	150	Mouse	NA	0	129S1xCAST	/home/amendelevich/spikein/references/current_indices/mouse/129S1_CAST_chrM/129S1_CAST_chrM_A1/star2.7.9a_overhang149	/home/amendelevich/spikein/references/current_indices/mouse/129S1_CAST_chrM/129S1_CAST_chrM_A2/star2.7.9a_overhang149	/net/seq/data/projects/spikein/bulk_SpikeIn_project_summer2022/LOVSON/fastq/B8_1.fq.gz	/net/seq/data/projects/spikein/bulk_SpikeIn_project_summer2022/LOVSON/fastq/B8_2.fq.gz	/home/amendelevich/spikein/bulk_SpikeIn_project_winter2023/LOVSON/	m	NA	/home/amendelevich/spikein/bulk_SpikeIn_project_winter2023/LOVSON//alignments/LOVSON_M2_8B//LOVSON_M2_8B.on_129S1xCAST.on_Allele1.Aligned.sortedByCoord.out.bam	/home/amendelevich/spikein/bulk_SpikeIn_project_winter2023/LOVSON//alignments/LOVSON_M2_8B//LOVSON_M2_8B.on_129S1xCAST.on_Allele2.Aligned.sortedByCoord.out.bam	/home/amendelevich/spikein/bulk_SpikeIn_project_winter2023/LOVSON//alignments/LOVSON_M2_8B//LOVSON_M2_8B_129S1xCAST.Allele1.bam	/home/amendelevich/spikein/bulk_SpikeIn_project_winter2023/LOVSON//alignments/LOVSON_M2_8B//LOVSON_M2_8B_129S1xCAST.Allele2.bam	/home/amendelevich/spikein/bulk_SpikeIn_project_winter2023/LOVSON//alignments/LOVSON_M2_8B//LOVSON_M2_8B_129S1xCAST.chr_counts.aligned_ref_alt.tsv	53370248	46446680	46446680	0	87.03%	5.74%	0.00%	7.20%	0.04%	46847368	46847368	0	87.78%	4.91%	0.00%	7.28%	0.04%	7864167	7806657	1667061	7864167	7806657	0	0
24	LOVSON_M2_8C	Illumina	150	Mouse	NA	0	129S1xCAST	/home/amendelevich/spikein/references/current_indices/mouse/129S1_CAST_chrM/129S1_CAST_chrM_A1/star2.7.9a_overhang149	/home/amendelevich/spikein/references/current_indices/mouse/129S1_CAST_chrM/129S1_CAST_chrM_A2/star2.7.9a_overhang149	/net/seq/data/projects/spikein/bulk_SpikeIn_project_summer2022/LOVSON/fastq/C8_1.fq.gz	/net/seq/data/projects/spikein/bulk_SpikeIn_project_summer2022/LOVSON/fastq/C8_2.fq.gz	/home/amendelevich/spikein/bulk_SpikeIn_project_winter2023/LOVSON/	m	NA	/home/amendelevich/spikein/bulk_SpikeIn_project_winter2023/LOVSON//alignments/LOVSON_M2_8C//LOVSON_M2_8C.on_129S1xCAST.on_Allele1.Aligned.sortedByCoord.out.bam	/home/amendelevich/spikein/bulk_SpikeIn_project_winter2023/LOVSON//alignments/LOVSON_M2_8C//LOVSON_M2_8C.on_129S1xCAST.on_Allele2.Aligned.sortedByCoord.out.bam	/home/amendelevich/spikein/bulk_SpikeIn_project_winter2023/LOVSON//alignments/LOVSON_M2_8C//LOVSON_M2_8C_129S1xCAST.Allele1.bam	/home/amendelevich/spikein/bulk_SpikeIn_project_winter2023/LOVSON//alignments/LOVSON_M2_8C//LOVSON_M2_8C_129S1xCAST.Allele2.bam	/home/amendelevich/spikein/bulk_SpikeIn_project_winter2023/LOVSON//alignments/LOVSON_M2_8C//LOVSON_M2_8C_129S1xCAST.chr_counts.aligned_ref_alt.tsv	42332944	36926321	36926321	0	87.23%	5.67%	0.00%	7.07%	0.04%	37235096	37235096	0	87.96%	4.86%	0.00%	7.14%	0.04%	6346162	6296710	1343947	6346162	6296710	0	0
25	LOVSON_M3_9A	Illumina	150	Mouse	NA	0	129S1xCAST	/home/amendelevich/spikein/references/current_indices/mouse/129S1_CAST_chrM/129S1_CAST_chrM_A1/star2.7.9a_overhang149	/home/amendelevich/spikein/references/current_indices/mouse/129S1_CAST_chrM/129S1_CAST_chrM_A2/star2.7.9a_overhang149	/net/seq/data/projects/spikein/bulk_SpikeIn_project_summer2022/LOVSON/fastq/A9_1.fq.gz	/net/seq/data/projects/spikein/bulk_SpikeIn_project_summer2022/LOVSON/fastq/A9_2.fq.gz	/home/amendelevich/spikein/bulk_SpikeIn_project_winter2023/LOVSON/	m	NA	/home/amendelevich/spikein/bulk_SpikeIn_project_winter2023/LOVSON//alignments/LOVSON_M3_9A//LOVSON_M3_9A.on_129S1xCAST.on_Allele1.Aligned.sortedByCoord.out.bam	/home/amendelevich/spikein/bulk_SpikeIn_project_winter2023/LOVSON//alignments/LOVSON_M3_9A//LOVSON_M3_9A.on_129S1xCAST.on_Allele2.Aligned.sortedByCoord.out.bam	/home/amendelevich/spikein/bulk_SpikeIn_project_winter2023/LOVSON//alignments/LOVSON_M3_9A//LOVSON_M3_9A_129S1xCAST.Allele1.bam	/home/amendelevich/spikein/bulk_SpikeIn_project_winter2023/LOVSON//alignments/LOVSON_M3_9A//LOVSON_M3_9A_129S1xCAST.Allele2.bam	/home/amendelevich/spikein/bulk_SpikeIn_project_winter2023/LOVSON//alignments/LOVSON_M3_9A//LOVSON_M3_9A_129S1xCAST.chr_counts.aligned_ref_alt.tsv	40971274	35646254	35646254	0	87.00%	5.79%	0.00%	7.17%	0.04%	35974302	35974302	0	87.80%	4.91%	0.00%	7.24%	0.04%	6000010	5955492	1269349	6000010	5955492	0	0
26	LOVSON_M3_9B	Illumina	150	Mouse	NA	0	129S1xCAST	/home/amendelevich/spikein/references/current_indices/mouse/129S1_CAST_chrM/129S1_CAST_chrM_A1/star2.7.9a_overhang149	/home/amendelevich/spikein/references/current_indices/mouse/129S1_CAST_chrM/129S1_CAST_chrM_A2/star2.7.9a_overhang149	/net/seq/data/projects/spikein/bulk_SpikeIn_project_summer2022/LOVSON/fastq/B9_1.fq.gz	/net/seq/data/projects/spikein/bulk_SpikeIn_project_summer2022/LOVSON/fastq/B9_2.fq.gz	/home/amendelevich/spikein/bulk_SpikeIn_project_winter2023/LOVSON/	m	NA	/home/amendelevich/spikein/bulk_SpikeIn_project_winter2023/LOVSON//alignments/LOVSON_M3_9B//LOVSON_M3_9B.on_129S1xCAST.on_Allele1.Aligned.sortedByCoord.out.bam	/home/amendelevich/spikein/bulk_SpikeIn_project_winter2023/LOVSON//alignments/LOVSON_M3_9B//LOVSON_M3_9B.on_129S1xCAST.on_Allele2.Aligned.sortedByCoord.out.bam	/home/amendelevich/spikein/bulk_SpikeIn_project_winter2023/LOVSON//alignments/LOVSON_M3_9B//LOVSON_M3_9B_129S1xCAST.Allele1.bam	/home/amendelevich/spikein/bulk_SpikeIn_project_winter2023/LOVSON//alignments/LOVSON_M3_9B//LOVSON_M3_9B_129S1xCAST.Allele2.bam	/home/amendelevich/spikein/bulk_SpikeIn_project_winter2023/LOVSON//alignments/LOVSON_M3_9B//LOVSON_M3_9B_129S1xCAST.chr_counts.aligned_ref_alt.tsv	42361536	36829880	36829880	0	86.94%	5.82%	0.00%	7.20%	0.04%	37176801	37176801	0	87.76%	4.92%	0.00%	7.27%	0.04%	6117280	6063438	1317521	6117280	6063438	0	0
27	LOVSON_M3_9C	Illumina	150	Mouse	NA	0	129S1xCAST	/home/amendelevich/spikein/references/current_indices/mouse/129S1_CAST_chrM/129S1_CAST_chrM_A1/star2.7.9a_overhang149	/home/amendelevich/spikein/references/current_indices/mouse/129S1_CAST_chrM/129S1_CAST_chrM_A2/star2.7.9a_overhang149	/net/seq/data/projects/spikein/bulk_SpikeIn_project_summer2022/LOVSON/fastq/C9_1.fq.gz	/net/seq/data/projects/spikein/bulk_SpikeIn_project_summer2022/LOVSON/fastq/C9_2.fq.gz	/home/amendelevich/spikein/bulk_SpikeIn_project_winter2023/LOVSON/	m	NA	/home/amendelevich/spikein/bulk_SpikeIn_project_winter2023/LOVSON//alignments/LOVSON_M3_9C//LOVSON_M3_9C.on_129S1xCAST.on_Allele1.Aligned.sortedByCoord.out.bam	/home/amendelevich/spikein/bulk_SpikeIn_project_winter2023/LOVSON//alignments/LOVSON_M3_9C//LOVSON_M3_9C.on_129S1xCAST.on_Allele2.Aligned.sortedByCoord.out.bam	/home/amendelevich/spikein/bulk_SpikeIn_project_winter2023/LOVSON//alignments/LOVSON_M3_9C//LOVSON_M3_9C_129S1xCAST.Allele1.bam	/home/amendelevich/spikein/bulk_SpikeIn_project_winter2023/LOVSON//alignments/LOVSON_M3_9C//LOVSON_M3_9C_129S1xCAST.Allele2.bam	/home/amendelevich/spikein/bulk_SpikeIn_project_winter2023/LOVSON//alignments/LOVSON_M3_9C//LOVSON_M3_9C_129S1xCAST.chr_counts.aligned_ref_alt.tsv	44813811	39004246	39004246	0	87.04%	5.78%	0.00%	7.14%	0.04%	39362274	39362274	0	87.84%	4.90%	0.00%	7.22%	0.04%	6548772	6489187	1400774	6548772	6489187	0	0
28	LOVSON_H1_10A	Illumina	150	Human	NA	0	NA12878	/home/amendelevich/spikein/references/current_indices/human/NA12878_chrH/NA12878_mat/star2.7.9a_overhang149	/home/amendelevich/spikein/references/current_indices/human/NA12878_chrH/NA12878_pat/star2.7.9a_overhang149	/net/seq/data/projects/spikein/bulk_SpikeIn_project_summer2022/LOVSON/fastq/A10_1.fq.gz	/net/seq/data/projects/spikein/bulk_SpikeIn_project_summer2022/LOVSON/fastq/A10_2.fq.gz	/home/amendelevich/spikein/bulk_SpikeIn_project_winter2023/LOVSON/	h	NA	/home/amendelevich/spikein/bulk_SpikeIn_project_winter2023/LOVSON//alignments/LOVSON_H1_10A//LOVSON_H1_10A.on_NA12878.on_Allele1.Aligned.sortedByCoord.out.bam	/home/amendelevich/spikein/bulk_SpikeIn_project_winter2023/LOVSON//alignments/LOVSON_H1_10A//LOVSON_H1_10A.on_NA12878.on_Allele2.Aligned.sortedByCoord.out.bam	/home/amendelevich/spikein/bulk_SpikeIn_project_winter2023/LOVSON//alignments/LOVSON_H1_10A//LOVSON_H1_10A_NA12878.Allele1.bam	/home/amendelevich/spikein/bulk_SpikeIn_project_winter2023/LOVSON//alignments/LOVSON_H1_10A//LOVSON_H1_10A_NA12878.Allele2.bam	/home/amendelevich/spikein/bulk_SpikeIn_project_winter2023/LOVSON//alignments/LOVSON_H1_10A//LOVSON_H1_10A_NA12878.chr_counts.aligned_ref_alt.tsv	40770448	36803868	36803868	0	90.27%	4.23%	0.00%	5.18%	0.32%	36720962	36720962	0	90.07%	4.47%	0.00%	5.15%	0.31%	1269128	1196648	104053	1269128	1196648	0	0
29	LOVSON_H1_10B	Illumina	150	Human	NA	0	NA12878	/home/amendelevich/spikein/references/current_indices/human/NA12878_chrH/NA12878_mat/star2.7.9a_overhang149	/home/amendelevich/spikein/references/current_indices/human/NA12878_chrH/NA12878_pat/star2.7.9a_overhang149	/net/seq/data/projects/spikein/bulk_SpikeIn_project_summer2022/LOVSON/fastq/B10_1.fq.gz	/net/seq/data/projects/spikein/bulk_SpikeIn_project_summer2022/LOVSON/fastq/B10_2.fq.gz	/home/amendelevich/spikein/bulk_SpikeIn_project_winter2023/LOVSON/	h	NA	/home/amendelevich/spikein/bulk_SpikeIn_project_winter2023/LOVSON//alignments/LOVSON_H1_10B//LOVSON_H1_10B.on_NA12878.on_Allele1.Aligned.sortedByCoord.out.bam	/home/amendelevich/spikein/bulk_SpikeIn_project_winter2023/LOVSON//alignments/LOVSON_H1_10B//LOVSON_H1_10B.on_NA12878.on_Allele2.Aligned.sortedByCoord.out.bam	/home/amendelevich/spikein/bulk_SpikeIn_project_winter2023/LOVSON//alignments/LOVSON_H1_10B//LOVSON_H1_10B_NA12878.Allele1.bam	/home/amendelevich/spikein/bulk_SpikeIn_project_winter2023/LOVSON//alignments/LOVSON_H1_10B//LOVSON_H1_10B_NA12878.Allele2.bam	/home/amendelevich/spikein/bulk_SpikeIn_project_winter2023/LOVSON//alignments/LOVSON_H1_10B//LOVSON_H1_10B_NA12878.chr_counts.aligned_ref_alt.tsv	43045639	38607740	38607740	0	89.69%	4.54%	0.00%	5.42%	0.36%	38529330	38529330	0	89.51%	4.76%	0.00%	5.38%	0.35%	1271678	1203536	115859	1271678	1203536	0	0
30	LOVSON_H1_10C	Illumina	150	Human	NA	0	NA12878	/home/amendelevich/spikein/references/current_indices/human/NA12878_chrH/NA12878_mat/star2.7.9a_overhang149	/home/amendelevich/spikein/references/current_indices/human/NA12878_chrH/NA12878_pat/star2.7.9a_overhang149	/net/seq/data/projects/spikein/bulk_SpikeIn_project_summer2022/LOVSON/fastq/C10_1.fq.gz	/net/seq/data/projects/spikein/bulk_SpikeIn_project_summer2022/LOVSON/fastq/C10_2.fq.gz	/home/amendelevich/spikein/bulk_SpikeIn_project_winter2023/LOVSON/	h	NA	/home/amendelevich/spikein/bulk_SpikeIn_project_winter2023/LOVSON//alignments/LOVSON_H1_10C//LOVSON_H1_10C.on_NA12878.on_Allele1.Aligned.sortedByCoord.out.bam	/home/amendelevich/spikein/bulk_SpikeIn_project_winter2023/LOVSON//alignments/LOVSON_H1_10C//LOVSON_H1_10C.on_NA12878.on_Allele2.Aligned.sortedByCoord.out.bam	/home/amendelevich/spikein/bulk_SpikeIn_project_winter2023/LOVSON//alignments/LOVSON_H1_10C//LOVSON_H1_10C_NA12878.Allele1.bam	/home/amendelevich/spikein/bulk_SpikeIn_project_winter2023/LOVSON//alignments/LOVSON_H1_10C//LOVSON_H1_10C_NA12878.Allele2.bam	/home/amendelevich/spikein/bulk_SpikeIn_project_winter2023/LOVSON//alignments/LOVSON_H1_10C//LOVSON_H1_10C_NA12878.chr_counts.aligned_ref_alt.tsv	41165141	36632501	36632501	0	88.99%	5.31%	0.00%	5.31%	0.39%	36563834	36563834	0	88.82%	5.53%	0.00%	5.27%	0.38%	1243007	1177931	104982	1243007	1177931	0	0
31	LOVSON_H2_11A	Illumina	150	Human	NA	0	NA12878	/home/amendelevich/spikein/references/current_indices/human/NA12878_chrH/NA12878_mat/star2.7.9a_overhang149	/home/amendelevich/spikein/references/current_indices/human/NA12878_chrH/NA12878_pat/star2.7.9a_overhang149	/net/seq/data/projects/spikein/bulk_SpikeIn_project_summer2022/LOVSON/fastq/A11_1.fq.gz	/net/seq/data/projects/spikein/bulk_SpikeIn_project_summer2022/LOVSON/fastq/A11_2.fq.gz	/home/amendelevich/spikein/bulk_SpikeIn_project_winter2023/LOVSON/	h	NA	/home/amendelevich/spikein/bulk_SpikeIn_project_winter2023/LOVSON//alignments/LOVSON_H2_11A//LOVSON_H2_11A.on_NA12878.on_Allele1.Aligned.sortedByCoord.out.bam	/home/amendelevich/spikein/bulk_SpikeIn_project_winter2023/LOVSON//alignments/LOVSON_H2_11A//LOVSON_H2_11A.on_NA12878.on_Allele2.Aligned.sortedByCoord.out.bam	/home/amendelevich/spikein/bulk_SpikeIn_project_winter2023/LOVSON//alignments/LOVSON_H2_11A//LOVSON_H2_11A_NA12878.Allele1.bam	/home/amendelevich/spikein/bulk_SpikeIn_project_winter2023/LOVSON//alignments/LOVSON_H2_11A//LOVSON_H2_11A_NA12878.Allele2.bam	/home/amendelevich/spikein/bulk_SpikeIn_project_winter2023/LOVSON//alignments/LOVSON_H2_11A//LOVSON_H2_11A_NA12878.chr_counts.aligned_ref_alt.tsv	49105195	43978514	43978514	0	89.56%	4.29%	0.00%	5.77%	0.38%	43855542	43855542	0	89.31%	4.59%	0.00%	5.73%	0.37%	1492719	1411477	125363	1492719	1411477	0	0
32	LOVSON_H2_11B	Illumina	150	Human	NA	0	NA12878	/home/amendelevich/spikein/references/current_indices/human/NA12878_chrH/NA12878_mat/star2.7.9a_overhang149	/home/amendelevich/spikein/references/current_indices/human/NA12878_chrH/NA12878_pat/star2.7.9a_overhang149	/net/seq/data/projects/spikein/bulk_SpikeIn_project_summer2022/LOVSON/fastq/B11_1.fq.gz	/net/seq/data/projects/spikein/bulk_SpikeIn_project_summer2022/LOVSON/fastq/B11_2.fq.gz	/home/amendelevich/spikein/bulk_SpikeIn_project_winter2023/LOVSON/	h	NA	/home/amendelevich/spikein/bulk_SpikeIn_project_winter2023/LOVSON//alignments/LOVSON_H2_11B//LOVSON_H2_11B.on_NA12878.on_Allele1.Aligned.sortedByCoord.out.bam	/home/amendelevich/spikein/bulk_SpikeIn_project_winter2023/LOVSON//alignments/LOVSON_H2_11B//LOVSON_H2_11B.on_NA12878.on_Allele2.Aligned.sortedByCoord.out.bam	/home/amendelevich/spikein/bulk_SpikeIn_project_winter2023/LOVSON//alignments/LOVSON_H2_11B//LOVSON_H2_11B_NA12878.Allele1.bam	/home/amendelevich/spikein/bulk_SpikeIn_project_winter2023/LOVSON//alignments/LOVSON_H2_11B//LOVSON_H2_11B_NA12878.Allele2.bam	/home/amendelevich/spikein/bulk_SpikeIn_project_winter2023/LOVSON//alignments/LOVSON_H2_11B//LOVSON_H2_11B_NA12878.chr_counts.aligned_ref_alt.tsv	41718463	37201316	37201316	0	89.17%	4.95%	0.00%	5.48%	0.40%	37105938	37105938	0	88.94%	5.23%	0.00%	5.44%	0.39%	1242674	1172996	109039	1242674	1172996	0	0
33	LOVSON_H2_11C	Illumina	150	Human	NA	0	NA12878	/home/amendelevich/spikein/references/current_indices/human/NA12878_chrH/NA12878_mat/star2.7.9a_overhang149	/home/amendelevich/spikein/references/current_indices/human/NA12878_chrH/NA12878_pat/star2.7.9a_overhang149	/net/seq/data/projects/spikein/bulk_SpikeIn_project_summer2022/LOVSON/fastq/C11_1.fq.gz	/net/seq/data/projects/spikein/bulk_SpikeIn_project_summer2022/LOVSON/fastq/C11_2.fq.gz	/home/amendelevich/spikein/bulk_SpikeIn_project_winter2023/LOVSON/	h	NA	/home/amendelevich/spikein/bulk_SpikeIn_project_winter2023/LOVSON//alignments/LOVSON_H2_11C//LOVSON_H2_11C.on_NA12878.on_Allele1.Aligned.sortedByCoord.out.bam	/home/amendelevich/spikein/bulk_SpikeIn_project_winter2023/LOVSON//alignments/LOVSON_H2_11C//LOVSON_H2_11C.on_NA12878.on_Allele2.Aligned.sortedByCoord.out.bam	/home/amendelevich/spikein/bulk_SpikeIn_project_winter2023/LOVSON//alignments/LOVSON_H2_11C//LOVSON_H2_11C_NA12878.Allele1.bam	/home/amendelevich/spikein/bulk_SpikeIn_project_winter2023/LOVSON//alignments/LOVSON_H2_11C//LOVSON_H2_11C_NA12878.Allele2.bam	/home/amendelevich/spikein/bulk_SpikeIn_project_winter2023/LOVSON//alignments/LOVSON_H2_11C//LOVSON_H2_11C_NA12878.chr_counts.aligned_ref_alt.tsv	43963246	39552758	39552758	0	89.97%	4.38%	0.00%	5.32%	0.33%	39462134	39462134	0	89.76%	4.63%	0.00%	5.29%	0.32%	1339523	1261269	112869	1339523	1261269	0	0
34	LOVSON_H3_12A	Illumina	150	Human	NA	0	NA12878	/home/amendelevich/spikein/references/current_indices/human/NA12878_chrH/NA12878_mat/star2.7.9a_overhang149	/home/amendelevich/spikein/references/current_indices/human/NA12878_chrH/NA12878_pat/star2.7.9a_overhang149	/net/seq/data/projects/spikein/bulk_SpikeIn_project_summer2022/LOVSON/fastq/A12_1.fq.gz	/net/seq/data/projects/spikein/bulk_SpikeIn_project_summer2022/LOVSON/fastq/A12_2.fq.gz	/home/amendelevich/spikein/bulk_SpikeIn_project_winter2023/LOVSON/	h	NA	/home/amendelevich/spikein/bulk_SpikeIn_project_winter2023/LOVSON//alignments/LOVSON_H3_12A//LOVSON_H3_12A.on_NA12878.on_Allele1.Aligned.sortedByCoord.out.bam	/home/amendelevich/spikein/bulk_SpikeIn_project_winter2023/LOVSON//alignments/LOVSON_H3_12A//LOVSON_H3_12A.on_NA12878.on_Allele2.Aligned.sortedByCoord.out.bam	/home/amendelevich/spikein/bulk_SpikeIn_project_winter2023/LOVSON//alignments/LOVSON_H3_12A//LOVSON_H3_12A_NA12878.Allele1.bam	/home/amendelevich/spikein/bulk_SpikeIn_project_winter2023/LOVSON//alignments/LOVSON_H3_12A//LOVSON_H3_12A_NA12878.Allele2.bam	/home/amendelevich/spikein/bulk_SpikeIn_project_winter2023/LOVSON//alignments/LOVSON_H3_12A//LOVSON_H3_12A_NA12878.chr_counts.aligned_ref_alt.tsv	42864194	38556611	38556611	0	89.95%	4.36%	0.00%	5.34%	0.35%	38466167	38466167	0	89.74%	4.61%	0.00%	5.31%	0.34%	1286410	1211709	116021	1286410	1211709	0	0
35	LOVSON_H3_12B	Illumina	150	Human	NA	0	NA12878	/home/amendelevich/spikein/references/current_indices/human/NA12878_chrH/NA12878_mat/star2.7.9a_overhang149	/home/amendelevich/spikein/references/current_indices/human/NA12878_chrH/NA12878_pat/star2.7.9a_overhang149	/net/seq/data/projects/spikein/bulk_SpikeIn_project_summer2022/LOVSON/fastq/B12_1.fq.gz	/net/seq/data/projects/spikein/bulk_SpikeIn_project_summer2022/LOVSON/fastq/B12_2.fq.gz	/home/amendelevich/spikein/bulk_SpikeIn_project_winter2023/LOVSON/	h	NA	/home/amendelevich/spikein/bulk_SpikeIn_project_winter2023/LOVSON//alignments/LOVSON_H3_12B//LOVSON_H3_12B.on_NA12878.on_Allele1.Aligned.sortedByCoord.out.bam	/home/amendelevich/spikein/bulk_SpikeIn_project_winter2023/LOVSON//alignments/LOVSON_H3_12B//LOVSON_H3_12B.on_NA12878.on_Allele2.Aligned.sortedByCoord.out.bam	/home/amendelevich/spikein/bulk_SpikeIn_project_winter2023/LOVSON//alignments/LOVSON_H3_12B//LOVSON_H3_12B_NA12878.Allele1.bam	/home/amendelevich/spikein/bulk_SpikeIn_project_winter2023/LOVSON//alignments/LOVSON_H3_12B//LOVSON_H3_12B_NA12878.Allele2.bam	/home/amendelevich/spikein/bulk_SpikeIn_project_winter2023/LOVSON//alignments/LOVSON_H3_12B//LOVSON_H3_12B_NA12878.chr_counts.aligned_ref_alt.tsv	42548848	38257652	38257652	0	89.91%	4.38%	0.00%	5.36%	0.35%	38172794	38172794	0	89.72%	4.62%	0.00%	5.32%	0.34%	1297544	1223943	112607	1297544	1223943	0	0
36	LOVSON_H3_12C	Illumina	150	Human	NA	0	NA12878	/home/amendelevich/spikein/references/current_indices/human/NA12878_chrH/NA12878_mat/star2.7.9a_overhang149	/home/amendelevich/spikein/references/current_indices/human/NA12878_chrH/NA12878_pat/star2.7.9a_overhang149	/net/seq/data/projects/spikein/bulk_SpikeIn_project_summer2022/LOVSON/fastq/C12_1.fq.gz	/net/seq/data/projects/spikein/bulk_SpikeIn_project_summer2022/LOVSON/fastq/C12_2.fq.gz	/home/amendelevich/spikein/bulk_SpikeIn_project_winter2023/LOVSON/	h	NA	/home/amendelevich/spikein/bulk_SpikeIn_project_winter2023/LOVSON//alignments/LOVSON_H3_12C//LOVSON_H3_12C.on_NA12878.on_Allele1.Aligned.sortedByCoord.out.bam	/home/amendelevich/spikein/bulk_SpikeIn_project_winter2023/LOVSON//alignments/LOVSON_H3_12C//LOVSON_H3_12C.on_NA12878.on_Allele2.Aligned.sortedByCoord.out.bam	/home/amendelevich/spikein/bulk_SpikeIn_project_winter2023/LOVSON//alignments/LOVSON_H3_12C//LOVSON_H3_12C_NA12878.Allele1.bam	/home/amendelevich/spikein/bulk_SpikeIn_project_winter2023/LOVSON//alignments/LOVSON_H3_12C//LOVSON_H3_12C_NA12878.Allele2.bam	/home/amendelevich/spikein/bulk_SpikeIn_project_winter2023/LOVSON//alignments/LOVSON_H3_12C//LOVSON_H3_12C_NA12878.chr_counts.aligned_ref_alt.tsv	42258148	37972570	37972570	0	89.86%	4.53%	0.00%	5.29%	0.32%	37884619	37884619	0	89.65%	4.78%	0.00%	5.26%	0.32%	1290940	1216219	114995	1290940	1216219	0	0
37	LOVSON_W1_13A	Illumina	150	Roundworm	NA	0	N2xHawaii	/home/amendelevich/spikein/references/current_indices/roundworm/N2_Hawaii_chrW/N2_Hawaii_chrW_A1/star2.7.9a_overhang149	/home/amendelevich/spikein/references/current_indices/roundworm/N2_Hawaii_chrW/N2_Hawaii_chrW_A2/star2.7.9a_overhang149	/net/seq/data/projects/spikein/bulk_SpikeIn_project_summer2022/LOVSON/fastq/A13_1.fq.gz	/net/seq/data/projects/spikein/bulk_SpikeIn_project_summer2022/LOVSON/fastq/A13_2.fq.gz	/home/amendelevich/spikein/bulk_SpikeIn_project_winter2023/LOVSON/	w	NA	/home/amendelevich/spikein/bulk_SpikeIn_project_winter2023/LOVSON//alignments/LOVSON_W1_13A//LOVSON_W1_13A.on_N2xHawaii.on_Allele1.Aligned.sortedByCoord.out.bam	/home/amendelevich/spikein/bulk_SpikeIn_project_winter2023/LOVSON//alignments/LOVSON_W1_13A//LOVSON_W1_13A.on_N2xHawaii.on_Allele2.Aligned.sortedByCoord.out.bam	/home/amendelevich/spikein/bulk_SpikeIn_project_winter2023/LOVSON//alignments/LOVSON_W1_13A//LOVSON_W1_13A_N2xHawaii.Allele1.bam	/home/amendelevich/spikein/bulk_SpikeIn_project_winter2023/LOVSON//alignments/LOVSON_W1_13A//LOVSON_W1_13A_N2xHawaii.Allele2.bam	/home/amendelevich/spikein/bulk_SpikeIn_project_winter2023/LOVSON//alignments/LOVSON_W1_13A//LOVSON_W1_13A_N2xHawaii.chr_counts.aligned_ref_alt.tsv	38486680	36534027	36534027	0	94.93%	2.21%	0.00%	2.85%	0.01%	36531279	36531279	0	94.92%	2.23%	0.00%	2.84%	0.01%	2216952	1588330	344100	2216952	1588330	0	0
38	LOVSON_W1_13B	Illumina	150	Roundworm	NA	0	N2xHawaii	/home/amendelevich/spikein/references/current_indices/roundworm/N2_Hawaii_chrW/N2_Hawaii_chrW_A1/star2.7.9a_overhang149	/home/amendelevich/spikein/references/current_indices/roundworm/N2_Hawaii_chrW/N2_Hawaii_chrW_A2/star2.7.9a_overhang149	/net/seq/data/projects/spikein/bulk_SpikeIn_project_summer2022/LOVSON/fastq/B13_1.fq.gz	/net/seq/data/projects/spikein/bulk_SpikeIn_project_summer2022/LOVSON/fastq/B13_2.fq.gz	/home/amendelevich/spikein/bulk_SpikeIn_project_winter2023/LOVSON/	w	NA	/home/amendelevich/spikein/bulk_SpikeIn_project_winter2023/LOVSON//alignments/LOVSON_W1_13B//LOVSON_W1_13B.on_N2xHawaii.on_Allele1.Aligned.sortedByCoord.out.bam	/home/amendelevich/spikein/bulk_SpikeIn_project_winter2023/LOVSON//alignments/LOVSON_W1_13B//LOVSON_W1_13B.on_N2xHawaii.on_Allele2.Aligned.sortedByCoord.out.bam	/home/amendelevich/spikein/bulk_SpikeIn_project_winter2023/LOVSON//alignments/LOVSON_W1_13B//LOVSON_W1_13B_N2xHawaii.Allele1.bam	/home/amendelevich/spikein/bulk_SpikeIn_project_winter2023/LOVSON//alignments/LOVSON_W1_13B//LOVSON_W1_13B_N2xHawaii.Allele2.bam	/home/amendelevich/spikein/bulk_SpikeIn_project_winter2023/LOVSON//alignments/LOVSON_W1_13B//LOVSON_W1_13B_N2xHawaii.chr_counts.aligned_ref_alt.tsv	37624239	35358700	35358700	0	93.98%	2.81%	0.00%	3.20%	0.01%	35357219	35357219	0	93.97%	2.83%	0.00%	3.18%	0.01%	2014277	1579079	332331	2014277	1579079	0	0
39	LOVSON_W1_13C	Illumina	150	Roundworm	NA	0	N2xHawaii	/home/amendelevich/spikein/references/current_indices/roundworm/N2_Hawaii_chrW/N2_Hawaii_chrW_A1/star2.7.9a_overhang149	/home/amendelevich/spikein/references/current_indices/roundworm/N2_Hawaii_chrW/N2_Hawaii_chrW_A2/star2.7.9a_overhang149	/net/seq/data/projects/spikein/bulk_SpikeIn_project_summer2022/LOVSON/fastq/C13_1.fq.gz	/net/seq/data/projects/spikein/bulk_SpikeIn_project_summer2022/LOVSON/fastq/C13_2.fq.gz	/home/amendelevich/spikein/bulk_SpikeIn_project_winter2023/LOVSON/	w	NA	/home/amendelevich/spikein/bulk_SpikeIn_project_winter2023/LOVSON//alignments/LOVSON_W1_13C//LOVSON_W1_13C.on_N2xHawaii.on_Allele1.Aligned.sortedByCoord.out.bam	/home/amendelevich/spikein/bulk_SpikeIn_project_winter2023/LOVSON//alignments/LOVSON_W1_13C//LOVSON_W1_13C.on_N2xHawaii.on_Allele2.Aligned.sortedByCoord.out.bam	/home/amendelevich/spikein/bulk_SpikeIn_project_winter2023/LOVSON//alignments/LOVSON_W1_13C//LOVSON_W1_13C_N2xHawaii.Allele1.bam	/home/amendelevich/spikein/bulk_SpikeIn_project_winter2023/LOVSON//alignments/LOVSON_W1_13C//LOVSON_W1_13C_N2xHawaii.Allele2.bam	/home/amendelevich/spikein/bulk_SpikeIn_project_winter2023/LOVSON//alignments/LOVSON_W1_13C//LOVSON_W1_13C_N2xHawaii.chr_counts.aligned_ref_alt.tsv	48748619	46256182	46256182	0	94.89%	2.35%	0.00%	2.75%	0.01%	46252695	46252695	0	94.88%	2.37%	0.00%	2.73%	0.01%	2722245	2086706	448358	2722245	2086706	0	0
